,Borough,Neighborhood
0,North West Delhi,Adarsh Nagar
1,North West Delhi,Ashok Vihar
2,North West Delhi,Azadpur
3,North West Delhi,Bawana
4,North West Delhi,Begum Pur
5,North West Delhi,Dhaka
6,North West Delhi,Jahangirpuri
7,North West Delhi,Karala
8,North West Delhi,Keshav Puram
9,North West Delhi,Kingsway Camp
10,North West Delhi,Kohat Enclave
11,North West Delhi,Model Town
12,North West Delhi,Narela
13,North West Delhi,Pitam Pura
14,North West Delhi,Rani Bagh
15,North West Delhi,Rithala
16,North West Delhi,Rohini Sub City
17,North West Delhi,Shalimar Bagh
18,North Delhi,Shakti Nagar
19,North Delhi,Bara Hindu Rao
20,North Delhi,Chandni Chowk
21,North Delhi,Chawri Bazaar
22,North Delhi,Civil Lines
23,North Delhi,Dariba Kalan
24,North Delhi,Ghantewala
25,North Delhi,Gulabi Bagh
26,North Delhi,Kamla Nagar
27,North Delhi,Kashmiri Gate
28,North Delhi,Kotwali
29,North Delhi,Lahori Gate
30,North Delhi,Nehru Vihar
31,North Delhi,Pratap Nagar
32,North Delhi,Pul Bangash
33,North Delhi,Roshanara Bagh
34,North Delhi,Sadar Bazaar
35,North Delhi,Sant Nagar
36,North Delhi,Sarai Kale Khan
37,North Delhi,Sarai Rohilla
38,North Delhi,Shastri Nagar
39,North Delhi,Tees Hazari
40,North Delhi,Timarpur
41,North Delhi,Wazirabad
42,North East Delhi,Babarpur
43,North East Delhi,Dilshad Garden
44,North East Delhi,Kabir Nagar
45,North East Delhi,Mandoli
46,North East Delhi,Maujpur
47,North East Delhi,Nand Nagri
49,North East Delhi,New Usmanpur
50,North East Delhi,Sadatpur
51,North East Delhi,Shahdara
52,North East Delhi,Sonia Vihar
53,North East Delhi,Shastri Park
54,North East Delhi,Yamuna Vihar
55,Central Delhi,Daryaganj
56,Central Delhi,Jhandewalan
57,Central Delhi,Karol Bagh
58,Central Delhi,Paharganj
59,Central Delhi,Rajender Nagar
60,New Delhi,Barakhamba Road
61,New Delhi,Chanakyapuri
62,New Delhi,Connaught Place
63,New Delhi,Gautampuri
64,New Delhi,Gole Market
65,New Delhi,Golf Links
66,New Delhi,INA Colony
67,New Delhi,Khan Market
68,New Delhi,Laxmibai Nagar
69,New Delhi,Pragati Maidan
70,East Delhi,Brij Puri
71,East Delhi,East Vinod Nagar
72,East Delhi,Gandhi Nagar
73,East Delhi,Geeta Colony
74,East Delhi,Jhilmil Colony
75,East Delhi,Krishna Nagar
76,East Delhi,Laxmi Nagar
77,East Delhi,Mayur Vihar
78,East Delhi,Pandav Nagar
79,East Delhi,Patparganj
80,East Delhi,Preet Vihar
81,East Delhi,Anand Vihar
82,East Delhi,Shakarpur
83,East Delhi,Silampur
84,East Delhi,Vasundhara Enclave
85,East Delhi,Vishwas Nagar
86,East Delhi,Vivek Vihar
87,South Delhi,Alaknanda
88,South Delhi,Chhattarpur
89,South Delhi,Chittaranjan Park
90,South Delhi,Dayanand Colony
91,South Delhi,Defence Colony
92,South Delhi,East of Kailash
93,South Delhi,Govindpuri
94,South Delhi,Greater Kailash
95,South Delhi,Green Park
96,South Delhi,Gulmohar Park
98,South Delhi,Hauz Khas Village
99,South Delhi,Jaitpur
100,South Delhi,Jamroodpur Village
101,South Delhi,Jangpura
102,South Delhi,Jasola
103,South Delhi,Jor Bagh
104,South Delhi,Kailash Colony
105,South Delhi,Kalkaji
106,South Delhi,Khanpur
107,South Delhi,Khirki Village
108,South Delhi,Kotla Mubarakpur
109,South Delhi,Lajpat Nagar
110,South Delhi,Lodi Colony
111,South Delhi,Maharani Bagh
112,South Delhi,Malviya Nagar
113,South Delhi,Mehrauli
114,South Delhi,Neeti Bagh
115,South Delhi,Nehru Place
116,South Delhi,Netaji Nagar
117,South Delhi,New Friends Colony
118,South Delhi,Nizamuddin West
119,South Delhi,Okhla
120,South Delhi,Pulpehaladpur
121,South Delhi,Safdarjung Enclave
122,South Delhi,Sainik Farm
123,South Delhi,Saket
124,South Delhi,Sangam Vihar
125,South Delhi,Sarita Vihar
126,South Delhi,Sarvodaya Enclave
127,South Delhi,Shahpur Jat
128,South Delhi,Siri Fort
129,South Delhi,South Extension
130,South Delhi,Sriniwaspuri
131,South Delhi,Sundar Nagar[1]
132,South Delhi,Tughlaqabad
133,South Delhi,Badarpur
134,South West Delhi,"Dabri, New Delhi"
135,South West Delhi,Dwarka Sub City
136,South West Delhi,Delhi Cantonment
137,South West Delhi,Dhaula Kuan
138,South West Delhi,Ghitorni
139,South West Delhi,Inderpuri
140,South West Delhi,Kirby Place
141,South West Delhi,Kishangarh Village
142,South West Delhi,Mahipalpur
143,South West Delhi,Moti Bagh
144,South West Delhi,Munirka
145,South West Delhi,Najafgarh
146,South West Delhi,Naraina
147,South West Delhi,Palam
148,South West Delhi,Rama Krishna Puram
149,South West Delhi,Rajokri
150,South West Delhi,Rangpuri
151,South West Delhi,Sarojini Nagar
152,South West Delhi,Sagar Pur
153,South West Delhi,Vasant Kunj
154,South West Delhi,Vasant Vihar
155,West Delhi,Ashok Nagar
156,West Delhi,Bali Nagar
157,West Delhi,Fateh Nagar
158,West Delhi,Janakpuri
159,West Delhi,Kirti Nagar
160,West Delhi,Meera Bagh
161,West Delhi,Moti Nagar
162,West Delhi,Nehru Nagar
163,West Delhi,Partap Nagar
164,West Delhi,Paschim Vihar
165,West Delhi,Patel Nagar
166,West Delhi,Punjabi Bagh
167,West Delhi,Rajouri Garden
168,West Delhi,Shivaji Place
169,West Delhi,Tihar Village
170,West Delhi,Tilak Nagar
171,West Delhi,Uttam Nagar
172,West Delhi,Vikas Nagar
173,West Delhi,Vikaspuri
